Workbook

Sheet Players
A1: Player_ID | B1: Player_Name | C1: Status | D1: TGL Team
A2: 1 | B2: Art Hernandez | C2: Member | D2: The Money Team
A3: 2 | B3: Adrianna Moore | C3: Member | D3: None
A4: 3 | B4: Andy Pendleton | C4: Member | D4: White Rice
A5: 4 | B5: Brock Hansen | C5: Member | D5: None
A6: 5 | B6: Bryan Cappelli | C6: Member | D6: Just the Tips
A7: 6 | B7: Carlos Bouloy | C7: Member | D7: The Money Team
A8: 7 | B8: Chris Chang | C8: Member | D8: Just the Tips
A9: 8 | B9: Colin Chang | C9: Member | D9: White Rice
A10: 9 | B10: Colin Harrison | C10: Member | D10: Just the Tips
A11: 10 | B11: Danny Lopez | C11: Member | D11: 19th Hole Cartel
A12: 11 | B12: Danny Marin | C12: Member | D12: The Money Team
A13: 12 | B13: Darrick Sogabe | C13: Member | D13: The Money Team
... A47: 46 | B47: Tyler Nichols | C47: Guest | D47: None

Sheet Tournament_Info
A1: Tournament_ID | B1: Tournament_Name | C1: Date | D1: Course | E1: TGL Event
A2: 2026_01 | B2: CCRB | C2: 46053 | D2: CCRB | E2: No
A3: 2026_02 | B3: Cross Creek | C3: 46075 | D3: Cross Creek GC | E3: Yes
A4: 2026_03 | B4: Sycuan | C4: 46110 | D4: Sycuan Resort | E4: Yes
A5: 2026_04 | B5: The Vineyard at Escondido | C5: 46131 | D5: The Vineyard at Escondido | E5: Yes
A6: 2026_05 | B6: The Links at Lakehouse | C6: 46159 | D6: The Links at Lakehouse | E6: Yes
A7: 2026_06 | B7: Native Oaks | C7: 46201 | D7: Native Oaks | E7: Yes
A8: 2026_07 | B8: Coronado Golf Club | C8: Sunday, July 12, 2026 | D8: Coronado Golf Club | E8: Yes
A9: 2026_08 | B9: CCRB | C9: Sunday, August 2, 2026 | D9: CCRB | E9: Yes
A10: 2026_09 | B10: San Vicente | C10: Sunday, August 30, 2026 | D10: San Vicente | E10: Yes
A11: 2026_10 | B11: Arrowood Golf Club | C11: Sunday, September 20, 2026 | D11: Arrowood Golf Club | E11: Yes
A12: 2026_11 | B12: Golf Club of California | C12: 46320 | D12: Golf Club of California | E12: Yes
A13: 2026_12 | B13: Twin Oaks Golf Club | C13: 46341 | D13: Twin Oaks Golf Club | E13: Yes

Sheet Tournament_Results
A1: Tournament ID | B1: Player ID | C1: Player | D1: Flight | E1: Handicap | F1: Gross | G1: Net | H1: Front 9 | I1: Back 9 | J1: Putts | K1: TGL Player | L1: TGL Points
A2: 2026_01 | B2: =_xlfn.XLOOKUP(C2,Players!B:B,Players!A:A) -> 36 | C2: Taylor Yates | D2: A | E2: 9 | F2: 79 | G2: 70 | H2: 36 | I2: 43 | J2: TBD | K2: N/A
A3: 2026_01 | B3: =_xlfn.XLOOKUP(C3,Players!B:B,Players!A:A) -> 34 | C3: Tai Ho | D3: A | E3: 15 | F3: 85 | G3: 70 | H3: 42 | I3: 43 | J3: TBD | K3: N/A
A4: 2026_01 | B4: =_xlfn.XLOOKUP(C4,Players!B:B,Players!A:A) -> 12 | C4: Darrick Sogabe | D4: A | E4: 19 | F4: 92 | G4: 73 | H4: 46 | I4: 46 | J4: TBD | K4: N/A | N4: Player, Flight, Handicap, Gross Score, Net Score, Front 9 Grose Score, Back 9 Gross Score and total putts.
A5: 2026_01 | B5: =_xlfn.XLOOKUP(C5,Players!B:B,Players!A:A) -> 35 | C5: Tam Tran | D5: A | E5: 20 | F5: 93 | G5: 73 | H5: 46 | I5: 47 | J5: TBD | K5: N/A
A6: 2026_01 | B6: =_xlfn.XLOOKUP(C6,Players!B:B,Players!A:A) -> 8 | C6: Colin Chang | D6: A | E6: 18 | F6: 94 | G6: 76 | H6: 45 | I6: 49 | J6: TBD | K6: N/A
A7: 2026_01 | B7: =_xlfn.XLOOKUP(C7,Players!B:B,Players!A:A) -> 37 | C7: Tom Shea | D7: A | E7: 5 | F7: 84 | G7: 79 | H7: 39 | I7: 45 | J7: TBD | K7: N/A
A8: 2026_01 | B8: =_xlfn.XLOOKUP(C8,Players!B:B,Players!A:A) -> 16 | C8: Jorge Rayo | D8: A | E8: 16 | F8: 97 | G8: 81 | H8: 48 | I8: 49 | J8: TBD | K8: N/A
A9: 2026_01 | B9: =_xlfn.XLOOKUP(C9,Players!B:B,Players!A:A) -> 17 | C9: JP Hill | D9: A | E9: 13 | F9: 96 | G9: 83 | H9: 44 | I9: 52 | J9: TBD | K9: N/A
A10: 2026_01 | B10: =_xlfn.XLOOKUP(C10,Players!B:B,Players!A:A) -> 6 | C10: Carlos Bouloy | D10: A | E10: 19 | F10: 102 | G10: 83 | H10: 51 | I10: 51 | J10: TBD | K10: N/A
A11: 2026_01 | B11: =_xlfn.XLOOKUP(C11,Players!B:B,Players!A:A) -> 15 | C11: John Nothdurft | D11: A | E11: 10 | F11: 95 | G11: 85 | H11: 47 | I11: 48 | J11: TBD | K11: N/A
A12: 2026_01 | B12: =_xlfn.XLOOKUP(C12,Players!B:B,Players!A:A) -> 27 | C12: Nick Harris | D12: A | E12: 17 | F12: 103 | G12: 86 | H12: 51 | I12: 52 | J12: TBD | K12: N/A
A13: 2026_01 | B13: =_xlfn.XLOOKUP(C13,Players!B:B,Players!A:A) -> 20 | C13: Kevin Vargas | D13: A | E13: 8 | F13: 95 | G13: 87 | H13: 47 | I13: 48 | J13: TBD | K13: N/A
A14: 2026_01 | B14: =_xlfn.XLOOKUP(C14,Players!B:B,Players!A:A) -> 7 | C14: Chris Chang | D14: A | E14: 13 | F14: 100 | G14: 87 | H14: 50 | I14: 50 | J14: TBD | K14: N/A
A15: 2026_01 | B15: =_xlfn.XLOOKUP(C15,Players!B:B,Players!A:A) -> 45 | C15: Devin Lerner | D15: A | E15: 17 | F15: 104 | G15: 87 | H15: 53 | I15: 51 | J15: TBD | K15: N/A
A16: 2026_01 | B16: =_xlfn.XLOOKUP(C16,Players!B:B,Players!A:A) -> 3 | C16: Andy Pendleton | D16: A | E16: 7 | F16: 95 | G16: 88 | H16: 51 | I16: 44 | J16: TBD | K16: N/A
... A37: 2026_01 | B37: =_xlfn.XLOOKUP(C37,Players!B:B,Players!A:A) -> 22 | C37: Mark Horgan | D37: B | E37: 24 | F37: 118 | G37: 94 | H37: 59 | I37: 59 | J37: TBD | K37: N/A
A38: 2026_02 | B38: =_xlfn.XLOOKUP(C38,Players!B:B,Players!A:A) -> 20 | C38: Kevin Vargas | D38: A | E38: 9 | F38: 83 | G38: 74 | H38: 39 | I38: 44 | J38: TBD | K38: Yes | L38: 12
A39: 2026_02 | B39: =_xlfn.XLOOKUP(C39,Players!B:B,Players!A:A) -> 4 | C39: Brock Hansen | D39: A | E39: 20 | F39: 98 | G39: 78 | H39: 47 | I39: 51 | J39: TBD | K39: No
A40: 2026_02 | B40: =_xlfn.XLOOKUP(C40,Players!B:B,Players!A:A) -> 3 | C40: Andy Pendleton | D40: A | E40: 8 | F40: 89 | G40: 81 | H40: 43 | I40: 46 | J40: TBD | K40: No
A41: 2026_02 | B41: =_xlfn.XLOOKUP(C41,Players!B:B,Players!A:A) -> 6 | C41: Carlos Bouloy | D41: A | E41: 21 | F41: 102 | G41: 81 | H41: 52 | I41: 50 | J41: TBD | K41: No
A42: 2026_02 | B42: =_xlfn.XLOOKUP(C42,Players!B:B,Players!A:A) -> 36 | C42: Taylor Yates | D42: A | E42: 9 | F42: 92 | G42: 83 | H42: 48 | I42: 44 | J42: TBD | K42: Yes | L42: 8
A43: 2026_02 | B43: =_xlfn.XLOOKUP(C43,Players!B:B,Players!A:A) -> 29 | C43: Paul Toledo | D43: A | E43: 13 | F43: 96 | G43: 83 | H43: 48 | I43: 48 | J43: TBD | K43: No
A44: 2026_02 | B44: =_xlfn.XLOOKUP(C44,Players!B:B,Players!A:A) -> 35 | C44: Tam Tran | D44: A | E44: 21 | F44: 105 | G44: 84 | H44: 53 | I44: 52 | J44: TBD | K44: No
A45: 2026_02 | B45: =_xlfn.XLOOKUP(C45,Players!B:B,Players!A:A) -> 32 | C45: Spencer Higgins | D45: A | E45: 11 | F45: 100 | G45: 89 | H45: 53 | I45: 47 | J45: TBD | K45: No
A46: 2026_02 | B46: =_xlfn.XLOOKUP(C46,Players!B:B,Players!A:A) -> 34 | C46: Tai Ho | D46: A | E46: 14 | F46: 104 | G46: 90 | H46: 59 | I46: 45 | J46: TBD | K46: Yes | L46: 4
A47: 2026_02 | B47: =_xlfn.XLOOKUP(C47,Players!B:B,Players!A:A) -> 12 | C47: Darrick Sogabe | D47: A | E47: 20 | F47: 111 | G47: 91 | H47: 56 | I47: 55 | J47: TBD | K47: No
A48: 2026_02 | B48: =_xlfn.XLOOKUP(C48,Players!B:B,Players!A:A) -> 15 | C48: John Nothdurft | D48: A | E48: 12 | F48: 107 | G48: 95 | H48: 50 | I48: 57 | J48: TBD | K48: No
A49: 2026_02 | B49: =_xlfn.XLOOKUP(C49,Players!B:B,Players!A:A) -> 5 | C49: Bryan Cappelli | D49: A | E49: 13 | F49: 117 | G49: 104 | H49: 61 | I49: 56 | J49: TBD | K49: No
A50: 2026_02 | B50: =_xlfn.XLOOKUP(C50,Players!B:B,Players!A:A) -> 28 | C50: Paul Hsieh | D50: B | E50: 34 | F50: 106 | G50: 72 | H50: 50 | I50: 56 | J50: TBD | K50: No
A51: 2026_02 | B51: =_xlfn.XLOOKUP(C51,Players!B:B,Players!A:A) -> 26 | C51: Mikel Hodges | D51: B | E51: 20 | F51: 93 | G51: 73 | H51: 49 | I51: 44 | J51: TBD | K51: Yes | L51: 11
A52: 2026_02 | B52: =_xlfn.XLOOKUP(C52,Players!B:B,Players!A:A) -> 9 | C52: Colin Harrison | D52: B | E52: 19 | F52: 93 | G52: 74 | H52: 45 | I52: 48 | J52: TBD | K52: Yes | L52: 10
A53: 2026_02 | B53: =_xlfn.XLOOKUP(C53,Players!B:B,Players!A:A) -> 18 | C53: Juan Ramirez | D53: B | E53: 36 | F53: 113 | G53: 77 | H53: 57 | I53: 56 | J53: TBD | K53: No
A54: 2026_02 | B54: =_xlfn.XLOOKUP(C54,Players!B:B,Players!A:A) -> 19 | C54: Kevin Taylor | D54: B | E54: 24 | F54: 102 | G54: 78 | H54: 54 | I54: 48 | J54: TBD | K54: Yes | L54: 8
A55: 2026_02 | B55: =_xlfn.XLOOKUP(C55,Players!B:B,Players!A:A) -> 10 | C55: Danny Lopez | D55: B | E55: 20 | F55: 98 | G55: 78 | H55: 48 | I55: 50 | J55: TBD | K55: No
A56: 2026_02 | B56: =_xlfn.XLOOKUP(C56,Players!B:B,Players!A:A) -> 1 | C56: Art Hernandez | D56: B | E56: 20 | F56: 103 | G56: 83 | H56: 55 | I56: 48 | J56: TBD | K56: Yes | L56: 5.5
A57: 2026_02 | B57: =_xlfn.XLOOKUP(C57,Players!B:B,Players!A:A) -> 24 | C57: Mike Paguyo | D57: B | E57: 24 | F57: 107 | G57: 83 | H57: 55 | I57: 52 | J57: TBD | K57: No
A58: 2026_02 | B58: =_xlfn.XLOOKUP(C58,Players!B:B,Players!A:A) -> 30 | C58: Ken Sogabe | D58: B | E58: 33 | F58: 121 | G58: 88 | H58: 63 | I58: 58 | J58: TBD | K58: No
A59: 2026_02 | B59: =_xlfn.XLOOKUP(C59,Players!B:B,Players!A:A) -> 22 | C59: Mark Horgan | D59: B | E59: 22 | F59: 115 | G59: 93 | H59: 57 | I59: 58 | J59: TBD | K59: No
A60: 2026_02 | B60: =_xlfn.XLOOKUP(C60,Players!B:B,Players!A:A) -> 23 | C60: Max O'Brien | D60: B | E60: 22 | F60: 121 | G60: 99 | H60: 61 | I60: 60 | J60: TBD | K60: Yes | L60: 2
A61: 2026_02 | B61: =_xlfn.XLOOKUP(C61,Players!B:B,Players!A:A) -> 25 | C61: Mike Pena | D61: B | E61: 36 | F61: 140 | G61: 104 | H61: 65 | I61: 75 | J61: TBD | K61: No
A62: 2026_03 | B62: =_xlfn.XLOOKUP(C62,Players!B:B,Players!A:A) -> 8 | C62: Colin Chang | D62: A | E62: 20 | F62: 92 | G62: 72 | H62: 46 | I62: 46 | J62: TBD
A63: 2026_03 | B63: =_xlfn.XLOOKUP(C63,Players!B:B,Players!A:A) -> 6 | C63: Carlos Bouloy | D63: A | E63: 21 | F63: 93 | G63: 72 | H63: 46 | I63: 47 | J63: TBD | K63: Yes | L63: 13.5
A64: 2026_03 | B64: =_xlfn.XLOOKUP(C64,Players!B:B,Players!A:A) -> 29 | C64: Paul Toledo | D64: A | E64: 20 | F64: 94 | G64: 74 | H64: 47 | I64: 47 | J64: TBD
A65: 2026_03 | B65: =_xlfn.XLOOKUP(C65,Players!B:B,Players!A:A) -> 7 | C65: Chris Chang | D65: A | E65: 17 | F65: 92 | G65: 75 | H65: 46 | I65: 46 | J65: TBD | K65: Yes | L65: 11
A66: 2026_03 | B66: =_xlfn.XLOOKUP(C66,Players!B:B,Players!A:A) -> 32 | C66: Spencer Higgins | D66: A | E66: 10 | F66: 90 | G66: 80 | H66: 43 | I66: 47 | J66: TBD | K66: Yes | L66: 8.5
A67: 2026_03 | B67: =_xlfn.XLOOKUP(C67,Players!B:B,Players!A:A) -> 20 | C67: Kevin Vargas | D67: A | E67: 7 | F67: 87 | G67: 80 | H67: 43 | I67: 44 | J67: TBD
A68: 2026_03 | B68: =_xlfn.XLOOKUP(C68,Players!B:B,Players!A:A) -> 12 | C68: Darrick Sogabe | D68: A | E68: 20 | F68: 100 | G68: 80 | H68: 50 | I68: 50 | J68: TBD
A69: 2026_03 | B69: =_xlfn.XLOOKUP(C69,Players!B:B,Players!A:A) -> 27 | C69: Nick Harris | D69: A | E69: 20 | F69: 100 | G69: 80 | H69: 53 | I69: 47 | J69: TBD
A70: 2026_03 | B70: =_xlfn.XLOOKUP(C70,Players!B:B,Players!A:A) -> 15 | C70: John Nothdurft | D70: A | E70: 15 | F70: 98 | G70: 83 | H70: 49 | I70: 49 | J70: TBD
A71: 2026_03 | B71: =_xlfn.XLOOKUP(C71,Players!B:B,Players!A:A) -> 34 | C71: Tai Ho | D71: A | E71: 12 | F71: 95 | G71: 83 | H71: 50 | I71: 45 | J71: TBD
A72: 2026_03 | B72: =_xlfn.XLOOKUP(C72,Players!B:B,Players!A:A) -> 17 | C72: JP Hill | D72: A | E72: 13 | F72: 96 | G72: 83 | H72: 51 | I72: 45 | J72: TBD
A73: 2026_03 | B73: =_xlfn.XLOOKUP(C73,Players!B:B,Players!A:A) -> 3 | C73: Andy Pendleton | D73: A | E73: 8 | F73: 97 | G73: 89 | H73: 50 | I73: 47 | J73: TBD | K73: Yes | L73: 3
A74: 2026_03 | B74: =_xlfn.XLOOKUP(C74,Players!B:B,Players!A:A) -> 13 | C74: David Wu | D74: A | E74: 21 | F74: 118 | G74: 97 | H74: 64 | I74: 54 | J74: TBD | K74: Yes | L74: 2
A75: 2026_03 | B75: =_xlfn.XLOOKUP(C75,Players!B:B,Players!A:A) -> 5 | C75: Bryan Cappelli | D75: A | E75: 14 | F75: 119 | G75: 105 | H75: 59 | I75: 60 | J75: TBD
A76: 2026_03 | B76: =_xlfn.XLOOKUP(C76,Players!B:B,Players!A:A) -> 24 | C76: Mike Paguyo | D76: B | E76: 26 | F76: 92 | G76: 66 | H76: 50 | I76: 42 | J76: TBD
A77: 2026_03 | B77: =_xlfn.XLOOKUP(C77,Players!B:B,Players!A:A) -> 1 | C77: Art Hernandez | D77: B | E77: 22 | F77: 90 | G77: 68 | H77: 44 | I77: 46 | J77: TBD
A78: 2026_03 | B78: =_xlfn.XLOOKUP(C78,Players!B:B,Players!A:A) -> 26 | C78: Mikel Hodges | D78: B | E78: 20 | F78: 92 | G78: 72 | H78: 45 | I78: 47 | J78: TBD | K78: Yes | L78: 11.5
A79: 2026_03 | B79: =_xlfn.XLOOKUP(C79,Players!B:B,Players!A:A) -> 28 | C79: Paul Hsieh | D79: B | E79: 31 | F79: 103 | G79: 72 | H79: 53 | I79: 50 | J79: TBD
A80: 2026_03 | B80: =_xlfn.XLOOKUP(C80,Players!B:B,Players!A:A) -> 35 | C80: Tam Tran | D80: B | E80: 19 | F80: 96 | G80: 77 | H80: 49 | I80: 47 | J80: TBD | K80: Yes | L80: 10
A81: 2026_03 | B81: =_xlfn.XLOOKUP(C81,Players!B:B,Players!A:A) -> 33 | C81: Steve Chiang | D81: B | E81: 21 | F81: 99 | G81: 78 | H81: 51 | I81: 48 | J81: TBD
A82: 2026_03 | B82: =_xlfn.XLOOKUP(C82,Players!B:B,Players!A:A) -> 19 | C82: Kevin Taylor | D82: B | E82: 24 | F82: 102 | G82: 78 | H82: 52 | I82: 50 | J82: TBD
A83: 2026_03 | B83: =_xlfn.XLOOKUP(C83,Players!B:B,Players!A:A) -> 39 | C83: Charles Tran | D83: B | E83: 29 | F83: 107 | G83: 78 | H83: 54 | I83: 53 | J83: TBD
A84: 2026_03 | B84: =_xlfn.XLOOKUP(C84,Players!B:B,Players!A:A) -> 10 | C84: Danny Lopez | D84: B | E84: 20 | F84: 101 | G84: 81 | H84: 48 | I84: 53 | J84: TBD | K84: Yes | L84: 6.5
A85: 2026_03 | B85: =_xlfn.XLOOKUP(C85,Players!B:B,Players!A:A) -> 30 | C85: Ken Sogabe | D85: B | E85: 32 | F85: 113 | G85: 81 | H85: 58 | I85: 55 | J85: TBD
A86: 2026_03 | B86: =_xlfn.XLOOKUP(C86,Players!B:B,Players!A:A) -> 9 | C86: Colin Harrison | D86: B | E86: 19 | F86: 100 | G86: 81 | H86: 52 | I86: 48 | J86: TBD
A87: 2026_03 | B87: =_xlfn.XLOOKUP(C87,Players!B:B,Players!A:A) -> 2 | C87: Adrianna Moore | D87: B | E87: 36 | F87: 122 | G87: 86 | H87: 63 | I87: 59 | J87: TBD
A88: 2026_03 | B88: =_xlfn.XLOOKUP(C88,Players!B:B,Players!A:A) -> 22 | C88: Mark Horgan | D88: B | E88: 29 | F88: 115 | G88: 86 | H88: 58 | I88: 57 | J88: TBD
A89: 2026_03 | B89: =_xlfn.XLOOKUP(C89,Players!B:B,Players!A:A) -> 25 | C89: Mike Pena | D89: B | E89: 36 | F89: 130 | G89: 94 | H89: 69 | I89: 61 | J89: TBD
A90: 2026_04 | B90: =_xlfn.XLOOKUP(C90,Players!B:B,Players!A:A) -> 29 | C90: Paul Toledo | D90: A | E90: 17 | F90: 84 | G90: 67 | H90: 41 | I90: 43 | J90: 32 | K90: Yes | L90: 18
A91: 2026_04 | B91: =_xlfn.XLOOKUP(C91,Players!B:B,Players!A:A) -> 40 | C91: Lucas Bouloy | D91: A | E91: 8 | F91: 76 | G91: 68 | H91: 37 | I91: 39 | J91: 35
A92: 2026_04 | B92: =_xlfn.XLOOKUP(C92,Players!B:B,Players!A:A) -> 7 | C92: Chris Chang | D92: A | E92: 15 | F92: 86 | G92: 71 | H92: 45 | I92: 41 | J92: 40
A93: 2026_04 | B93: =_xlfn.XLOOKUP(C93,Players!B:B,Players!A:A) -> 15 | C93: John Nothdurft | D93: A | E93: 16 | F93: 87 | G93: 71 | H93: 45 | I93: 42 | J93: 35 | K93: Yes | L93: 15
A94: 2026_04 | B94: =_xlfn.XLOOKUP(C94,Players!B:B,Players!A:A) -> 20 | C94: Kevin Vargas | D94: A | E94: 8 | F94: 79 | G94: 71 | H94: 38 | I94: 41 | J94: 31
A95: 2026_04 | B95: =_xlfn.XLOOKUP(C95,Players!B:B,Players!A:A) -> 26 | C95: Mikel Hodges | D95: A | E95: 21 | F95: 93 | G95: 72 | H95: 47 | I95: 46 | J95: 38
A96: 2026_04 | B96: =_xlfn.XLOOKUP(C96,Players!B:B,Players!A:A) -> 34 | C96: Tai Ho | D96: A | E96: 13 | F96: 86 | G96: 73 | H96: 48 | I96: 38 | J96: 33
A97: 2026_04 | B97: =_xlfn.XLOOKUP(C97,Players!B:B,Players!A:A) -> 37 | C97: Tom Shea | D97: A | E97: 8 | F97: 83 | G97: 75 | H97: 40 | I97: 43 | J97: 32 | K97: Yes | L97: 11
A98: 2026_04 | B98: =_xlfn.XLOOKUP(C98,Players!B:B,Players!A:A) -> 36 | C98: Taylor Yates | D98: A | E98: 9 | F98: 85 | G98: 76 | H98: 42 | I98: 43 | J98: 34
A99: 2026_04 | B99: =_xlfn.XLOOKUP(C99,Players!B:B,Players!A:A) -> 17 | C99: JP Hill | D99: A | E99: 15 | F99: 93 | G99: 78 | H99: 42 | I99: 51 | J99: 35 | K99: Yes | L99: 9
A100: 2026_04 | B100: =_xlfn.XLOOKUP(C100,Players!B:B,Players!A:A) -> 8 | C100: Colin Chang | D100: A | E100: 17 | F100: 96 | G100: 79 | H100: 50 | I100: 46 | J100: 33 | K100: Yes | L100: 8
A101: 2026_04 | B101: =_xlfn.XLOOKUP(C101,Players!B:B,Players!A:A) -> 41 | C101: Mat Vigil | D101: A | E101: 15 | F101: 94 | G101: 79 | H101: 46 | I101: 48 | J101: 35
A102: 2026_04 | B102: =_xlfn.XLOOKUP(C102,Players!B:B,Players!A:A) -> 3 | C102: Andy Pendleton | D102: A | E102: 9 | F102: 89 | G102: 80 | H102: 46 | I102: 43 | J102: 29
A103: 2026_04 | B103: =_xlfn.XLOOKUP(C103,Players!B:B,Players!A:A) -> 16 | C103: Jorge Rayo | D103: A | E103: 18 | F103: 98 | G103: 80 | H103: 49 | I103: 49 | J103: 39
A104: 2026_04 | B104: =_xlfn.XLOOKUP(C104,Players!B:B,Players!A:A) -> 12 | C104: Darrick Sogabe | D104: A | E104: 20 | F104: 101 | G104: 81 | H104: 53 | I104: 48 | J104: 35
A105: 2026_04 | B105: =_xlfn.XLOOKUP(C105,Players!B:B,Players!A:A) -> 35 | C105: Tam Tran | D105: A | E105: 21 | F105: 103 | G105: 82 | H105: 52 | I105: 51 | J105: 34
A106: 2026_04 | B106: =_xlfn.XLOOKUP(C106,Players!B:B,Players!A:A) -> 31 | C106: Sarith Kim | D106: A | E106: 17 | F106: 104 | G106: 87 | H106: 50 | I106: 54 | J106: 38
A107: 2026_04 | B107: =_xlfn.XLOOKUP(C107,Players!B:B,Players!A:A) -> 42 | C107: Jeff Carey | D107: A | E107: 11 | F107: 100 | G107: 89 | H107: 43 | I107: 57 | J107: 34
A108: 2026_04 | B108: =_xlfn.XLOOKUP(C108,Players!B:B,Players!A:A) -> 10 | C108: Danny Lopez | D108: B | E108: 20 | F108: 88 | G108: 68 | H108: 47 | I108: 41 | J108: 32
A109: 2026_04 | B109: =_xlfn.XLOOKUP(C109,Players!B:B,Players!A:A) -> 19 | C109: Kevin Taylor | D109: B | E109: 24 | F109: 92 | G109: 68 | H109: 44 | I109: 48 | J109: 37 | K109: Yes | L109: 16.5
A110: 2026_04 | B110: =_xlfn.XLOOKUP(C110,Players!B:B,Players!A:A) -> 18 | C110: Juan Ramirez | D110: B | E110: 36 | F110: 106 | G110: 70 | H110: 55 | I110: 51 | J110: 39
A111: 2026_04 | B111: =_xlfn.XLOOKUP(C111,Players!B:B,Players!A:A) -> 30 | C111: Ken Sogabe | D111: B | E111: 30 | F111: 101 | G111: 71 | H111: 53 | I111: 48 | J111: 34
A112: 2026_04 | B112: =_xlfn.XLOOKUP(C112,Players!B:B,Players!A:A) -> 1 | C112: Art Hernandez | D112: B | E112: 22 | F112: 94 | G112: 72 | H112: 44 | I112: 50 | J112: 35
A113: 2026_04 | B113: =_xlfn.XLOOKUP(C113,Players!B:B,Players!A:A) -> 2 | C113: Adrianna Moore | D113: B | E113: 36 | F113: 109 | G113: 73 | H113: 52 | I113: 57 | J113: 31
A114: 2026_04 | B114: =_xlfn.XLOOKUP(C114,Players!B:B,Players!A:A) -> 27 | C114: Nick Harris | D114: B | E114: 19 | F114: 92 | G114: 73 | H114: 45 | I114: 47 | J114: 33
A115: 2026_04 | B115: =_xlfn.XLOOKUP(C115,Players!B:B,Players!A:A) -> 6 | C115: Carlos Bouloy | D115: B | E115: 16 | F115: 91 | G115: 75 | H115: 44 | I115: 47 | J115: 31
A116: 2026_04 | B116: =_xlfn.XLOOKUP(C116,Players!B:B,Players!A:A) -> 33 | C116: Steve Chiang | D116: B | E116: 22 | F116: 98 | G116: 76 | H116: 49 | I116: 49 | J116: 33
A117: 2026_04 | B117: =_xlfn.XLOOKUP(C117,Players!B:B,Players!A:A) -> 24 | C117: Mike Paguyo | D117: B | E117: 22 | F117: 100 | G117: 78 | H117: 49 | I117: 51 | J117: 38
A118: 2026_04 | B118: =_xlfn.XLOOKUP(C118,Players!B:B,Players!A:A) -> 25 | C118: Mike Pena | D118: B | E118: 36 | F118: 114 | G118: 78 | H118: 58 | I118: 56 | J118: 37 | K118: Yes | L118: 7.5
A119: 2026_04 | B119: =_xlfn.XLOOKUP(C119,Players!B:B,Players!A:A) -> 28 | C119: Paul Hsieh | D119: B | E119: 30 | F119: 109 | G119: 79 | H119: 60 | I119: 49 | J119: 42
A120: 2026_04 | B120: =_xlfn.XLOOKUP(C120,Players!B:B,Players!A:A) -> 38 | C120: Will Vuong | D120: B | E120: 20 | F120: 100 | G120: 80 | H120: 51 | I120: 49 | J120: 38
...

Sheet Tournament_Acheivements
A1: Tournament ID | B1: Player ID | C1: Player | D1: Category | E1: Placement | F1: Amount
A2: 2026_05 | B2: =_xlfn.XLOOKUP(C2,Players!B:B,Players!A:A) -> 41 | C2: Mat Vigil | D2: Flight A - Overall | E2: 1 | F2: 70
A3: 2026_05 | B3: =_xlfn.XLOOKUP(C3,Players!B:B,Players!A:A) -> 13 | C3: David Wu | D3: Flight A - Overall | E3: 2 | F3: 35
A4: 2026_05 | B4: =_xlfn.XLOOKUP(C4,Players!B:B,Players!A:A) -> 35 | C4: Tam Tran | D4: Flight A - Overall | E4: 2 | F4: 35
A5: 2026_05 | B5: =_xlfn.XLOOKUP(C5,Players!B:B,Players!A:A) -> 14 | C5: Devan French | D5: Flight B - Overall | E5: 1 | F5: 65
A6: 2026_05 | B6: =_xlfn.XLOOKUP(C6,Players!B:B,Players!A:A) -> 10 | C6: Danny Lopez | D6: Flight B - Overall | E6: 2 | F6: 39
A7: 2026_05 | B7: =_xlfn.XLOOKUP(C7,Players!B:B,Players!A:A) -> 43 | C7: Jason Payton | D7: Flight B - Overall | E7: 3 | F7: 26
A8: 2026_05 | B8: =_xlfn.XLOOKUP(C8,Players!B:B,Players!A:A) -> 41 | C8: Mat Vigil | D8: Flight A - Front 9 | E8: 1 | F8: 21
A9: 2026_05 | B9: =_xlfn.XLOOKUP(C9,Players!B:B,Players!A:A) -> 13 | C9: David Wu | D9: Flight A - Front 9 | E9: 1 | F9: 21
A10: 2026_05 | B10: =_xlfn.XLOOKUP(C10,Players!B:B,Players!A:A) -> 14 | C10: Devan French | D10: Flight B - Front 9 | E10: 1 | F10: 26
A11: 2026_05 | B11: =_xlfn.XLOOKUP(C11,Players!B:B,Players!A:A) -> 9 | C11: Colin Harrison | D11: Flight B - Front 9 | E11: 2 | F11: 13
A12: 2026_05 | B12: =_xlfn.XLOOKUP(C12,Players!B:B,Players!A:A) -> 17 | C12: JP Hill | D12: Flight A - Back 9 | E12: 1 | F12: 28
A13: 2026_05 | B13: =_xlfn.XLOOKUP(C13,Players!B:B,Players!A:A) -> 15 | C13: John Nothdurft | D13: Flight A - Back 9 | E13: 2 | F13: 14
... A15: 2026_05 | B15: =_xlfn.XLOOKUP(C15,Players!B:B,Players!A:A) -> 1 | C15: Art Hernandez | D15: Flight B - Back 9 | E15: 1 | F15: 19.5
A16: 2026_05 | B16: =_xlfn.XLOOKUP(C16,Players!B:B,Players!A:A) -> 15 | C16: John Nothdurft | D16: Low Putts | E16: Winner | F16: 27
A17: 2026_05 | B17: =_xlfn.XLOOKUP(C17,Players!B:B,Players!A:A) -> 20 | C17: Kevin Vargas | D17: Flight A - Long Drive | E17: Winner | F17: 28
A18: 2026_05 | B18: =_xlfn.XLOOKUP(C18,Players!B:B,Players!A:A) -> 19 | C18: Kevin Taylor | D18: Flight B - Long Drive | E18: Winner | F18: 26
A19: 2026_05 | B19: =_xlfn.XLOOKUP(C19,Players!B:B,Players!A:A) -> 20 | C19: Kevin Vargas | D19: Closest to the Pin | E19: Winner | F19: 27
A20: 2026_05 | B20: =_xlfn.XLOOKUP(C20,Players!B:B,Players!A:A) -> 44 | C20: Med Baheta | D20: Closest to the Pin | E20: Winner | F20: 27
A21: 2026_05 | B21: =_xlfn.XLOOKUP(C21,Players!B:B,Players!A:A) -> 29 | C21: Paul Toledo | D21: Closest to the Pin | E21: Winner | F21: 27
A22: 2026_05 | B22: =_xlfn.XLOOKUP(C22,Players!B:B,Players!A:A) -> 25 | C22: Mike Pena | D22: Closest to the Pin | E22: Winner | F22: 27
A23: 2026_05 | B23: =_xlfn.XLOOKUP(C23,Players!B:B,Players!A:A) -> 1 | C23: Art Hernandez | D23: Closest to the Pin | E23: Winner | F23: 27
A24: 2026_04 | B24: =_xlfn.XLOOKUP(C24,Players!B:B,Players!A:A) -> 29 | C24: Paul Toledo | D24: Flight A - Overall | E24: 1 | F24: 90
A25: 2026_04 | B25: =_xlfn.XLOOKUP(C25,Players!B:B,Players!A:A) -> 40 | C25: Lucas Bouloy | D25: Flight A - Overall | E25: 2 | F25: 54
A26: 2026_04 | B26: =_xlfn.XLOOKUP(C26,Players!B:B,Players!A:A) -> 20 | C26: Kevin Vargas | D26: Flight A - Overall | E26: 3 | F26: 12
A27: 2026_04 | B27: =_xlfn.XLOOKUP(C27,Players!B:B,Players!A:A) -> 10 | C27: Danny Lopez | D27: Flight B - Overall | E27: 1 | F27: 72
A28: 2026_04 | B28: =_xlfn.XLOOKUP(C28,Players!B:B,Players!A:A) -> 19 | C28: Kevin Taylor | D28: Flight B - Overall | E28: 1 | F28: 72
A29: 2026_04 | B29: =_xlfn.XLOOKUP(C29,Players!B:B,Players!A:A) -> 18 | C29: Juan Ramirez | D29: Flight B - Overall | E29: 3 | F29: 36
A30: 2026_04 | B30: =_xlfn.XLOOKUP(C30,Players!B:B,Players!A:A) -> 29 | C30: Paul Toledo | D30: Flight A - Front 9 | E30: 1 | F30: 27
A31: 2026_04 | B31: =_xlfn.XLOOKUP(C31,Players!B:B,Players!A:A) -> 40 | C31: Lucas Bouloy | D31: Flight A - Front 9 | E31: 1 | F31: 27
A32: 2026_04 | B32: =_xlfn.XLOOKUP(C32,Players!B:B,Players!A:A) -> 19 | C32: Kevin Taylor | D32: Flight B - Front 9 | E32: 1 | F32: 36
A33: 2026_04 | B33: =_xlfn.XLOOKUP(C33,Players!B:B,Players!A:A) -> 1 | C33: Art Hernandez | D33: Flight B - Front 9 | E33: 2 | F33: 18
A34: 2026_04 | B34: =_xlfn.XLOOKUP(C34,Players!B:B,Players!A:A) -> 34 | C34: Tai Ho | D34: Flight A - Back 9 | E34: 1 | F34: 36
A35: 2026_04 | B35: =_xlfn.XLOOKUP(C35,Players!B:B,Players!A:A) -> 7 | C35: Chris Chang | D35: Flight A - Back 9 | E35: 2 | F35: 18
... A37: 2026_04 | B37: =_xlfn.XLOOKUP(C37,Players!B:B,Players!A:A) -> 18 | C37: Juan Ramirez | D37: Flight B - Back 9 | E37: 2 | F37: 9
A38: 2026_04 | B38: =_xlfn.XLOOKUP(C38,Players!B:B,Players!A:A) -> 3 | C38: Andy Pendleton | D38: Low Putts | E38: Winner | F38: 36
A39: 2026_04 | B39: =_xlfn.XLOOKUP(C39,Players!B:B,Players!A:A) -> 16 | C39: Jorge Rayo | D39: Flight A - Long Drive | E39: Winner | F39: 36
A40: 2026_04 | B40: =_xlfn.XLOOKUP(C40,Players!B:B,Players!A:A) -> 28 | C40: Paul Hsieh | D40: Flight B - Long Drive | E40: Winner | F40: 36
A41: 2026_04 | B41: =_xlfn.XLOOKUP(C41,Players!B:B,Players!A:A) -> 37 | C41: Tom Shea | D41: Closest to the Pin | E41: Winner | F41: 45
A42: 2026_04 | B42: =_xlfn.XLOOKUP(C42,Players!B:B,Players!A:A) -> 20 | C42: Kevin Vargas | D42: Closest to the Pin | E42: Winner | F42: 45
A43: 2026_04 | B43: =_xlfn.XLOOKUP(C43,Players!B:B,Players!A:A) -> 7 | C43: Chris Chang | D43: Closest to the Pin | E43: Winner | F43: 45
A44: 2026_04 | B44: =_xlfn.XLOOKUP(C44,Players!B:B,Players!A:A) -> 37 | C44: Tom Shea | D44: Closest to the Pin | E44: Winner | F44: 45
A45: 2026_04 | B45: =_xlfn.XLOOKUP(C45,Players!B:B,Players!A:A) -> 7 | C45: Chris Chang | D45: Flight A - Overall | E45: 3 | F45: 12
A46: 2026_04 | B46: =_xlfn.XLOOKUP(C46,Players!B:B,Players!A:A) -> 15 | C46: John Nothdurft | D46: Flight A - Overall | E46: 3 | F46: 12
A47: 2026_04 | B47: =_xlfn.XLOOKUP(C47,Players!B:B,Players!A:A) -> 30 | C47: Ken Sogabe | D47: Flight B - Back 9 | E47: 2 | F47: 9
A48: 2026_01 | B48: =_xlfn.XLOOKUP(C48,Players!B:B,Players!A:A) -> 36 | C48: Taylor Yates | D48: Flight A - Overall | E48: 1 | F48: 123.5
A49: 2026_01 | B49: =_xlfn.XLOOKUP(C49,Players!B:B,Players!A:A) -> 34 | C49: Tai Ho | D49: Flight A - Overall | E49: 1 | F49: 123.5
A50: 2026_01 | B50: =_xlfn.XLOOKUP(C50,Players!B:B,Players!A:A) -> 12 | C50: Darrick Sogabe | D50: Flight A - Overall | E50: 3 | F50: 19
A51: 2026_01 | B51: =_xlfn.XLOOKUP(C51,Players!B:B,Players!A:A) -> 23 | C51: Max O'Brien | D51: Flight B - Overall | E51: 1 | F51: 95
A52: 2026_01 | B52: =_xlfn.XLOOKUP(C52,Players!B:B,Players!A:A) -> 26 | C52: Mikel Hodges | D52: Flight B - Overall | E52: 2 | F52: 57
A53: 2026_01 | B53: =_xlfn.XLOOKUP(C53,Players!B:B,Players!A:A) -> 10 | C53: Danny Lopez | D53: Flight B - Overall | E53: 3 | F53: 19
A54: 2026_01 | B54: =_xlfn.XLOOKUP(C54,Players!B:B,Players!A:A) -> 36 | C54: Taylor Yates | D54: Flight A - Front 9 | E54: 1 | F54: 38
A55: 2026_01 | B55: =_xlfn.XLOOKUP(C55,Players!B:B,Players!A:A) -> 34 | C55: Tai Ho | D55: Flight A - Front 9 | E55: 2 | F55: 19
A56: 2026_01 | B56: =_xlfn.XLOOKUP(C56,Players!B:B,Players!A:A) -> 9 | C56: Colin Harrison | D56: Flight B - Front 9 | E56: 1 | F56: 38
... A62: 2026_01 | B62: =_xlfn.XLOOKUP(C62,Players!B:B,Players!A:A) -> 12 | C62: Darrick Sogabe | D62: Low Putts | E62: 1 | F62: 12.66
A63: 2026_01 | B63: =_xlfn.XLOOKUP(C63,Players!B:B,Players!A:A) -> 36 | C63: Taylor Yates | D63: Flight A - Long Drive | E63: Winner | F63: 38
A64: 2026_01 | B64: =_xlfn.XLOOKUP(C64,Players!B:B,Players!A:A) -> 23 | C64: Max O'Brien | D64: Flight B - Long Drive | E64: Winner | F64: 38
A65: 2026_01 | B65: =_xlfn.XLOOKUP(C65,Players!B:B,Players!A:A) -> 34 | C65: Tai Ho | D65: Closest to the Pin | E65: Winner | F65: 47.5
A66: 2026_01 | B66: =_xlfn.XLOOKUP(C66,Players!B:B,Players!A:A) -> 32 | C66: Spencer Higgins | D66: Closest to the Pin | E66: Winner | F66: 47.5
A67: 2026_01 | B67: =_xlfn.XLOOKUP(C67,Players!B:B,Players!A:A) -> 34 | C67: Tai Ho | D67: Closest to the Pin | E67: Winner | F67: 47.5
A68: 2026_01 | B68: =_xlfn.XLOOKUP(C68,Players!B:B,Players!A:A) -> 23 | C68: Max O'Brien | D68: Closest to the Pin | E68: Winner | F68: 47.5
A69: 2026_01 | B69: =_xlfn.XLOOKUP(C69,Players!B:B,Players!A:A) -> 35 | C69: Tam Tran | D69: Flight A - Overall | E69: 3 | F69: 19
A70: 2026_01 | B70: =_xlfn.XLOOKUP(C70,Players!B:B,Players!A:A) -> 28 | C70: Paul Hsieh | D70: Flight B - Overall | E70: 3 | F70: 19
A71: 2026_01 | B71: =_xlfn.XLOOKUP(C71,Players!B:B,Players!A:A) -> 35 | C71: Tam Tran | D71: Flight A - Back 9 | E71: 2 | F71: 9.5
A72: 2026_01 | B72: =_xlfn.XLOOKUP(C72,Players!B:B,Players!A:A) -> 19 | C72: Kevin Taylor | D72: Flight B - Front 9 | E72: 2 | F72: 9.5
A73: 2026_01 | B73: =_xlfn.XLOOKUP(C73,Players!B:B,Players!A:A) -> 37 | C73: Tom Shea | D73: Low Putts | E73: 1 | F73: 12.66
A74: 2026_01 | B74: =_xlfn.XLOOKUP(C74,Players!B:B,Players!A:A) -> 35 | C74: Tam Tran | D74: Low Putts | E74: 1 | F74: 12.66
A75: 2026_02 | B75: =_xlfn.XLOOKUP(C75,Players!B:B,Players!A:A) -> 20 | C75: Kevin Vargas | D75: Flight A - Overall | E75: 1 | F75: 60
A76: 2026_02 | B76: =_xlfn.XLOOKUP(C76,Players!B:B,Players!A:A) -> 4 | C76: Brock Hansen | D76: Flight A - Overall | E76: 2 | F76: 36
A77: 2026_02 | B77: =_xlfn.XLOOKUP(C77,Players!B:B,Players!A:A) -> 6 | C77: Carlos Bouloy | D77: Flight A - Overall | E77: 3 | F77: 24
A78: 2026_02 | B78: =_xlfn.XLOOKUP(C78,Players!B:B,Players!A:A) -> 28 | C78: Paul Hsieh | D78: Flight B - Overall | E78: 1 | F78: 60
A79: 2026_02 | B79: =_xlfn.XLOOKUP(C79,Players!B:B,Players!A:A) -> 26 | C79: Mikel Hodges | D79: Flight B - Overall | E79: 2 | F79: 36
A80: 2026_02 | B80: =_xlfn.XLOOKUP(C80,Players!B:B,Players!A:A) -> 9 | C80: Colin Harrison | D80: Flight B - Overall | E80: 3 | F80: 24
... A87: 2026_02 | B87: =_xlfn.XLOOKUP(C87,Players!B:B,Players!A:A) -> 18 | C87: Juan Ramirez | D87: Flight B - Back 9 | E87: 2 | F87: 6
A88: 2026_02 | B88: =_xlfn.XLOOKUP(C88,Players!B:B,Players!A:A) -> 20 | C88: Kevin Vargas | D88: Low Putts | E88: Winner | F88: 24
A89: 2026_02 | B89: =_xlfn.XLOOKUP(C89,Players!B:B,Players!A:A) -> 20 | C89: Kevin Vargas | D89: Flight A - Long Drive | E89: Winner | F89: 24
A90: 2026_02 | B90: =_xlfn.XLOOKUP(C90,Players!B:B,Players!A:A) -> 26 | C90: Mikel Hodges | D90: Flight B - Long Drive | E90: Winner | F90: 24
A91: 2026_02 | B91: =_xlfn.XLOOKUP(C91,Players!B:B,Players!A:A) -> 25 | C91: Mike Pena | D91: Closest to the Pin | E91: Winner | F91: 30
A92: 2026_02 | B92: =_xlfn.XLOOKUP(C92,Players!B:B,Players!A:A) -> 10 | C92: Danny Lopez | D92: Closest to the Pin | E92: Winner | F92: 30
A93: 2026_02 | B93: =_xlfn.XLOOKUP(C93,Players!B:B,Players!A:A) -> 10 | C93: Danny Lopez | D93: Closest to the Pin | E93: Winner | F93: 30
A94: 2026_02 | B94: =_xlfn.XLOOKUP(C94,Players!B:B,Players!A:A) -> 24 | C94: Mike Paguyo | D94: Closest to the Pin | E94: Winner | F94: 30
A95: 2026_02 | B95: =_xlfn.XLOOKUP(C95,Players!B:B,Players!A:A) -> 6 | C95: Carlos Bouloy | D95: Flight A - Back 9 | E95: 1 | F95: 12
A96: 2026_02 | B96: =_xlfn.XLOOKUP(C96,Players!B:B,Players!A:A) -> 36 | C96: Taylor Yates | D96: Flight A - Back 9 | E96: 1 | F96: 12
A97: 2026_02 | B97: =_xlfn.XLOOKUP(C97,Players!B:B,Players!A:A) -> 1 | C97: Art Hernandez | D97: Flight B - Back 9 | E97: 2 | F97: 6
A98: 2026_03 | B98: =_xlfn.XLOOKUP(C98,Players!B:B,Players!A:A) -> 6 | C98: Carlos Bouloy | D98: Flight A - Overall | E98: 1 | F98: 56
A99: 2026_03 | B99: =_xlfn.XLOOKUP(C99,Players!B:B,Players!A:A) -> 8 | C99: Colin Chang | D99: Flight A - Overall | E99: 1 | F99: 56
A100: 2026_03 | B100: =_xlfn.XLOOKUP(C100,Players!B:B,Players!A:A) -> 29 | C100: Paul Toledo | D100: Flight A - Overall | E100: 3 | F100: 28
A101: 2026_03 | B101: =_xlfn.XLOOKUP(C101,Players!B:B,Players!A:A) -> 24 | C101: Mike Paguyo | D101: Flight B - Overall | E101: 1 | F101: 70
A102: 2026_03 | B102: =_xlfn.XLOOKUP(C102,Players!B:B,Players!A:A) -> 1 | C102: Art Hernandez | D102: Flight B - Overall | E102: 2 | F102: 42
A103: 2026_03 | B103: =_xlfn.XLOOKUP(C103,Players!B:B,Players!A:A) -> 26 | C103: Mikel Hodges | D103: Flight B - Overall | E103: 3 | F103: 14
A104: 2026_03 | B104: =_xlfn.XLOOKUP(C104,Players!B:B,Players!A:A) -> 29 | C104: Paul Toledo | D104: Flight A - Front 9 | E104: 1 | F104: 28
A105: 2026_03 | B105: =_xlfn.XLOOKUP(C105,Players!B:B,Players!A:A) -> 6 | C105: Carlos Bouloy | D105: Flight A - Front 9 | E105: 2 | F105: 14
A106: 2026_03 | B106: =_xlfn.XLOOKUP(C106,Players!B:B,Players!A:A) -> 26 | C106: Mikel Hodges | D106: Flight B - Front 9 | E106: 1 | F106: 28
... A111: 2026_03 | B111: =_xlfn.XLOOKUP(C111,Players!B:B,Players!A:A) -> 1 | C111: Art Hernandez | D111: Flight B - Back 9 | E111: 2 | F111: 14
A112: 2026_03 | B112: =_xlfn.XLOOKUP(C112,Players!B:B,Players!A:A) -> 1 | C112: Art Hernandez | D112: Low Putts | E112: Winner | F112: 28
A113: 2026_03 | B113: =_xlfn.XLOOKUP(C113,Players!B:B,Players!A:A) -> 32 | C113: Spencer Higgins | D113: Flight A - Long Drive | E113: Winner | F113: 28
A114: 2026_03 | B114: =_xlfn.XLOOKUP(C114,Players!B:B,Players!A:A) -> 24 | C114: Mike Paguyo | D114: Flight B - Long Drive | E114: Winner | F114: 28
A115: 2026_03 | B115: =_xlfn.XLOOKUP(C115,Players!B:B,Players!A:A) -> 20 | C115: Kevin Vargas | D115: Closest to the Pin | E115: Winner | F115: 35
A116: 2026_03 | B116: =_xlfn.XLOOKUP(C116,Players!B:B,Players!A:A) -> 26 | C116: Mikel Hodges | D116: Closest to the Pin | E116: Winner | F116: 35
A117: 2026_03 | B117: =_xlfn.XLOOKUP(C117,Players!B:B,Players!A:A) -> 8 | C117: Colin Chang | D117: Closest to the Pin | E117: Winner | F117: 35
...

Sheet Tournament_Skins
A1: Tournament ID | B1: Player ID | C1: Player | D1: Category | E1: Total | F1: Amount
A2: 2026_05 | B2: =_xlfn.XLOOKUP(C2,Players!B:B,Players!A:A) -> 15 | C2: John Nothdurft | D2: Flight A - Skins | E2: 9 | F2: 126
A3: 2026_05 | B3: =_xlfn.XLOOKUP(C3,Players!B:B,Players!A:A) -> 13 | C3: David Wu | D3: Flight A - Skins | E3: 3 | F3: 42
A4: 2026_05 | B4: =_xlfn.XLOOKUP(C4,Players!B:B,Players!A:A) -> 20 | C4: Kevin Vargas | D4: Flight A - Skins | E4: 3 | F4: 42
A5: 2026_05 | B5: =_xlfn.XLOOKUP(C5,Players!B:B,Players!A:A) -> 44 | C5: Med Baheta | D5: Flight A - Skins | E5: 3 | F5: 42
A6: 2026_05 | B6: =_xlfn.XLOOKUP(C6,Players!B:B,Players!A:A) -> 14 | C6: Devan French | D6: Flight B - Skins | E6: 6 | F6: 78
A7: 2026_05 | B7: =_xlfn.XLOOKUP(C7,Players!B:B,Players!A:A) -> 10 | C7: Danny Lopez | D7: Flight B - Skins | E7: 3 | F7: 39
A8: 2026_05 | B8: =_xlfn.XLOOKUP(C8,Players!B:B,Players!A:A) -> 25 | C8: Mike Pena | D8: Flight B - Skins | E8: 3 | F8: 39
A9: 2026_05 | B9: =_xlfn.XLOOKUP(C9,Players!B:B,Players!A:A) -> 43 | C9: Jason Payton | D9: Flight B - Skins | E9: 2 | F9: 26
A10: 2026_05 | B10: =_xlfn.XLOOKUP(C10,Players!B:B,Players!A:A) -> 28 | C10: Paul Hsieh | D10: Flight B - Skins | E10: 2 | F10: 26
A11: 2026_05 | B11: =_xlfn.XLOOKUP(C11,Players!B:B,Players!A:A) -> 1 | C11: Art Hernandez | D11: Flight B - Skins | E11: 1 | F11: 13
A12: 2026_05 | B12: =_xlfn.XLOOKUP(C12,Players!B:B,Players!A:A) -> 9 | C12: Colin Harrison | D12: Flight B - Skins | E12: 1 | F12: 13
A13: 2026_04 | B13: =_xlfn.XLOOKUP(C13,Players!B:B,Players!A:A) -> 34 | C13: Tai Ho | D13: Flight A - Skins | E13: 2 | F13: 36
... A57: 2026_03 | B57: =_xlfn.XLOOKUP(C57,Players!B:B,Players!A:A) -> 28 | C57: Paul Hsieh | D57: Flight B - Skins | E57: 7 | F57: 98
